CHROM,ID,POS,A1,A2,FCAS,FCON,IMPINFO,BETA,SE,PVAL,NGT,DIRE,NCAS,NCON,NEFFDIV2,GENE,CONSEQUENCE,BIOTYPE
6,rs140365013,27523869.0,G,A,0.931,0.914,0.999,0.205696228110405,0.0156,1.205e-39,2.0,-+-,74776.0,101023.0,85057.37,CD83P1,downstream_gene_variant,processed_pseudogene
6,rs71559050,27797416.0,C,A,0.927,0.91,0.999,0.209198773268562,0.0159,1.548e-39,0.0,-??,67390.0,94015.0,78506.5,H4C12,upstream_gene_variant,protein_coding
6,rs67297533,28141253.0,G,T,0.928,0.911,1.0,0.206997909089527,0.016,2.77e-38,1.0,-??,67390.0,94015.0,78506.5,ZKSCAN8P1,upstream_gene_variant,protein_coding
6,rs34676049,28453618.0,T,G,0.933,0.916,0.985,0.202099673985843,0.0159,6.659e-37,3.0,+-+,74776.0,101023.0,85057.37,,intron_variant,lncRNA
6,rs13207082,27251379.0,A,G,0.934,0.919,0.996,0.198498337600494,0.016,1.9860000000000002e-35,24.0,+-+,74776.0,101023.0,85057.37,POM121L2,downstream_gene_variant,protein_coding
6,rs9257566,29144532.0,C,T,0.896,0.887,0.955,0.168298694430387,0.0136,2.055e-35,2.0,---,74776.0,101023.0,85057.37,OR2J2,upstream_gene_variant,protein_coding
6,rs72843784,26498758.0,G,T,0.937,0.921,0.997,0.201396795424123,0.0163,5.225e-35,8.0,-+-,74776.0,101023.0,85057.37,BTN1A1,intron_variant,protein_coding
6,rs9257245,28800344.0,A,C,0.927,0.912,0.922,0.206802764926157,0.0168,8.033e-35,0.0,+??,67390.0,94015.0,78506.5,,,
6,rs66975207,26942146.0,A,C,0.933,0.918,0.989,0.19470292368236,0.0159,1.748e-34,2.0,+-+,74776.0,101023.0,85057.37,LINC00240,non_coding_transcript_exon_variant,lncRNA
6,rs9258375,29752808.0,A,G,0.916,0.902,0.911,0.187798199239476,0.0158,1.0210000000000001e-32,1.0,+?+,68624.0,97105.0,80270.17,,,
6,rs1233494,29453219.0,T,C,0.926,0.909,0.956,0.180102429685073,0.0156,5.09e-31,2.0,+-+,74776.0,101023.0,85057.37,MAS1L,downstream_gene_variant,protein_coding
6,rs34961555,26199903.0,C,T,0.94,0.925,0.975,0.188999211547195,0.0169,4.0200000000000003e-29,2.0,-+-,74776.0,101023.0,85057.37,H2AC7,synonymous_variant,protein_coding
6,rs2023473,30075613.0,T,C,0.919,0.901,0.946,0.169801844572386,0.0152,5.455e-29,3.0,+-+,74776.0,101023.0,85057.37,TRIM31,intron_variant,protein_coding
6,rs3095156,30926517.0,C,T,0.899,0.883,0.959,0.156601958701119,0.0144,1.514e-27,0.0,-??,67390.0,94015.0,78506.5,MUCL3,upstream_gene_variant,protein_coding
6,rs3132090,31430752.0,G,A,0.916,0.896,0.989,0.147799122755532,0.0138,1.028e-26,6.0,-+-,74776.0,101023.0,85057.37,HCP5,upstream_gene_variant,lncRNA
6,rs3117577,31727474.0,A,G,0.913,0.896,1.01,0.14890264724851,0.0142,7.946000000000001e-26,51.0,++-,74776.0,101023.0,85057.37,MSH5,intron_variant,protein_coding
6,rs3096690,32194630.0,G,C,0.916,0.898,0.958,0.152102870209954,0.0145,8.587000000000001e-26,6.0,-+-,74776.0,101023.0,85057.37,NOTCH4,upstream_gene_variant,protein_coding
6,rs9262135,30618906.0,A,G,0.912,0.894,0.942,0.152497886144537,0.0147,3.755e-25,54.0,+-+,74776.0,101023.0,85057.37,C6orf136,intron_variant,protein_coding
6,rs3129812,30337974.0,G,A,0.921,0.904,0.991,0.156200007092391,0.0154,4.126e-24,4.0,-+-,74776.0,101023.0,85057.37,,,
6,rs1794282,32666526.0,C,T,0.92,0.903,0.93,0.142002907796307,0.0147,5.571999999999999e-22,35.0,-+-,74776.0,101023.0,85057.37,,,
6,rs13198474,25874423.0,G,A,0.944,0.93,0.974,0.165997372693528,0.0174,1.8400000000000002e-21,22.0,-+-,74776.0,101023.0,85057.37,SLC17A3,5_prime_UTR_variant,protein_coding
6,rs113913737,32962130.0,C,T,0.941,0.929,0.973,0.157798304861257,0.0171,3.1930000000000003e-20,2.0,-+-,74776.0,101023.0,85057.37,,,
6,rs215011,25384361.0,C,T,0.95,0.943,0.958,0.165904193021877,0.0184,2.289e-19,8.0,---,74776.0,101023.0,85057.37,CARMIL1,intron_variant,protein_coding
6,rs9461856,33395199.0,G,A,0.534,0.525,0.977,-0.0613967948653235,0.0076,4.915e-16,5.0,+++,74776.0,101023.0,85057.37,SYNGAP1,intron_variant,protein_coding
6,rs6938026,43185733.0,A,G,0.741,0.751,0.988,0.0603045706055096,0.0088,7.232e-12,19.0,+++,74776.0,101023.0,85057.37,CUL9,intron_variant,protein_coding
6,rs12190758,93148341.0,A,G,0.792,0.793,0.958,-0.0613011005766046,0.0094,6.015e-11,2.0,---,74776.0,101023.0,85057.37,,,
6,rs217310,84364565.0,A,T,0.598,0.576,0.994,0.0487044462100383,0.0075,9.935e-11,2.0,+++,74776.0,101023.0,85057.37,SNAP91,intron_variant,protein_coding
6,rs9398171,108983527.0,C,T,0.342,0.313,0.994,0.0503033045092425,0.0081,4.481e-10,4.0,---,74776.0,101023.0,85057.37,FOXO3,intron_variant,protein_coding
6,rs6925079,64946311.0,T,C,0.63,0.643,0.985,-0.0465047776557534,0.0077,1.812e-09,2.0,---,74776.0,101023.0,85057.37,EYS,intron_variant,protein_coding
6,rs1856507,73157926.0,C,A,0.652,0.627,0.977,0.0467977043485401,0.0078,2.229e-09,2.0,-+-,74776.0,101023.0,85057.37,,intron_variant,lncRNA
6,rs9461911,33794605.0,T,C,0.404,0.412,0.988,-0.0460962958929736,0.0077,2.595e-09,2.0,-+-,74776.0,101023.0,85057.37,,,
6,rs9322058,146736408.0,T,C,0.431,0.461,0.988,-0.0447986409079867,0.0076,3.992e-09,11.0,-+-,74776.0,101023.0,85057.37,GRM1,intron_variant,protein_coding
6,rs9470670,11988081.0,T,G,0.829,0.836,0.997,-0.0555972801024095,0.0099,1.908e-08,5.0,--+,74776.0,101023.0,85057.37,,intron_variant,lncRNA
6,rs9390083,143647665.0,C,G,0.834,0.838,0.978,-0.0555972801024095,0.01,3.027e-08,17.0,--+,74776.0,101023.0,85057.37,AIG1,intron_variant,protein_coding
6,rs9454725,69989413.0,T,C,0.768,0.76,0.938,0.0501986955327459,0.0091,3.148e-08,19.0,++-,74776.0,101023.0,85057.37,ADGRB3,intron_variant,protein_coding
6,rs3134785,31179193.0,G,A,0.766,0.76,0.995,0.0491044005063081,0.0089,3.165e-08,3.0,-+-,74776.0,101023.0,85057.37,,,
6,rs117178087,96464060.0,C,T,0.941,0.934,0.986,0.0941003573550956,0.017,3.348e-08,2.0,---,74776.0,101023.0,85057.37,FUT9,5_prime_UTR_variant,protein_coding
6,rs9459170,165061435.0,T,C,0.796,0.79,0.966,0.0511017760490843,0.0093,3.832e-08,25.0,++-,74776.0,101023.0,85057.37,,,
6,rs9487653,111822689.0,A,G,0.205,0.197,0.99,0.0553968632202877,0.0101,4.399e-08,2.0,+++,74776.0,101023.0,85057.37,TRAF3IP2-AS1,intron_variant,lncRNA
6,rs55648125,50816718.0,A,G,0.912,0.91,0.962,-0.0720009626887629,0.0132,4.424e-08,2.0,---,74776.0,101023.0,85057.37,TFAP2B,upstream_gene_variant,protein_coding
6,rs80249955,69279811.0,C,T,0.971,0.974,0.833,-0.154597446279196,0.0283,4.629e-08,1.0,+?+,68624.0,97105.0,80270.17,,intron_variant,lncRNA
7,rs58120505,2029867.0,T,C,0.582,0.557,0.997,0.0825012215117438,0.0075,6.265e-28,4.0,+++,74776.0,101023.0,85057.37,MAD1L1,intron_variant,protein_coding
7,rs7779548,137074540.0,G,A,0.686,0.66,0.994,0.0712968818820338,0.0079,1.821e-19,20.0,---,74776.0,101023.0,85057.37,DGKI,3_prime_UTR_variant,protein_coding
7,rs35274762,86412221.0,T,C,0.902,0.887,0.981,0.102303848807923,0.0122,5.91e-17,3.0,+++,74776.0,101023.0,85057.37,GRM3,non_coding_transcript_exon_variant,protein_coding
7,rs7803571,110993511.0,C,T,0.619,0.603,0.988,0.0575988723793984,0.0076,4.488e-14,8.0,---,74776.0,101023.0,85057.37,IMMP2L,intron_variant,protein_coding
7,rs2057884,104930250.0,T,C,0.375,0.353,0.997,0.0563992368491194,0.0076,1.493e-13,5.0,++-,74776.0,101023.0,85057.37,SRPK2,intron_variant,protein_coding
7,rs6955349,104601236.0,G,A,0.665,0.674,0.998,-0.0555021391616052,0.0078,1.002e-12,2.0,++-,74776.0,101023.0,85057.37,KMT2E,intron_variant,protein_coding
7,rs7807720,110073755.0,A,G,0.679,0.656,0.995,0.0560021901152849,0.008,2.061e-12,2.0,+++,74776.0,101023.0,85057.37,,intron_variant,lncRNA
7,rs79210963,24717969.0,T,C,0.902,0.903,0.981,-0.0842950694954015,0.0126,1.859e-11,2.0,---,74776.0,101023.0,85057.37,PALS2,intron_variant,protein_coding
7,rs1593304,131619847.0,A,G,0.234,0.215,0.951,-0.0631954234971474,0.0097,5.914e-11,68.0,---,74776.0,101023.0,85057.37,,intron_variant,lncRNA
7,rs2944821,71795998.0,G,C,0.636,0.611,0.994,0.0493995022947674,0.0078,2.509e-10,2.0,---,74776.0,101023.0,85057.37,CALN1,intron_variant,protein_coding
7,rs6461561,21474610.0,C,G,0.252,0.256,0.984,0.0531046528867784,0.0087,1.216e-09,28.0,+++,74776.0,101023.0,85057.37,SP4,intron_variant,protein_coding
7,rs13233308,87244960.0,C,T,0.554,0.531,0.988,0.0458047599004855,0.0075,1.23e-09,61.0,---,74776.0,101023.0,85057.37,ABCB1,intron_variant,protein_coding
7,rs2270052,2291399.0,G,A,0.624,0.605,0.986,0.0469980831605826,0.0078,1.699e-09,12.0,--+,74776.0,101023.0,85057.37,SNX8,3_prime_UTR_variant,protein_coding
7,rs1589726,79348201.0,C,T,0.109,0.0935,0.979,0.073203992258416,0.0125,4.879e-09,2.0,--+,74776.0,101023.0,85057.37,,downstream_gene_variant,lncRNA
7,rs2349487,8565024.0,C,T,0.661,0.672,0.983,-0.0456042446050211,0.0078,5.71e-09,2.0,+++,74776.0,101023.0,85057.37,NXPH1,intron_variant,protein_coding
7,rs12670575,87527384.0,T,C,0.443,0.463,0.91,-0.0453007592301635,0.0078,6.484e-09,10.0,---,74776.0,101023.0,85057.37,DBF4,intron_variant,protein_coding
7,rs7811528,2702816.0,A,G,0.839,0.852,0.968,-0.0591026555948241,0.0104,1.5e-08,2.0,---,74776.0,101023.0,85057.37,TTYH3,3_prime_UTR_variant,protein_coding
7,rs7804966,23904760.0,A,T,0.486,0.48,0.992,0.0407003871263756,0.0074,3.38e-08,2.0,+++,74776.0,101023.0,85057.37,,,
7,rs35531336,133438132.0,A,G,0.899,0.887,0.856,0.0701042536729151,0.0128,3.841e-08,3.0,+--,74776.0,101023.0,85057.37,EXOC4,intron_variant,protein_coding
7,rs35792732,132929804.0,C,T,0.841,0.825,0.918,0.0570984120398765,0.0104,4.228e-08,2.0,-+-,74776.0,101023.0,85057.37,,,
7,rs12671608,153524115.0,T,C,0.858,0.861,0.935,-0.0598986354083514,0.0109,4.44e-08,2.0,---,74776.0,101023.0,85057.37,DPP6,intron_variant,protein_coding
7,rs6946576,139018309.0,G,A,0.434,0.447,0.819,0.0456996792509903,0.0084,4.936e-08,2.0,---,74776.0,101023.0,85057.37,,,
12,rs1790135,123669235.0,C,T,0.32,0.281,0.998,0.0842032712820744,0.0084,6.908e-24,2.0,---,74776.0,101023.0,85057.37,MPHOSPH9,intron_variant,protein_coding
12,rs4298967,2408194.0,A,G,0.279,0.282,0.97,0.0825012215117438,0.0086,1.279e-21,53.0,+++,74776.0,101023.0,85057.37,CACNA1C,intron_variant,protein_coding
12,rs4766428,110723245.0,C,T,0.483,0.498,0.908,-0.0680005069007488,0.0082,8.11e-17,38.0,++-,74776.0,101023.0,85057.37,ATP2A2,intron_variant,protein_coding
12,rs61937595,57682956.0,C,T,0.928,0.919,0.822,0.119798780454855,0.0156,1.531e-14,32.0,-+-,74776.0,101023.0,85057.37,R3HDM2,intron_variant,protein_coding
12,rs61942639,111184850.0,T,C,0.676,0.67,0.968,0.0605022613895267,0.0083,2.936e-13,2.0,+++,74776.0,101023.0,85057.37,PPP1CC,upstream_gene_variant,protein_coding
12,rs302317,29921443.0,G,A,0.702,0.677,0.995,0.0524026787930484,0.0081,7.868e-11,3.0,--+,74776.0,101023.0,85057.37,TMTC1,intron_variant,protein_coding
12,rs6538539,95195293.0,G,T,0.479,0.468,0.999,0.0450976409030327,0.0074,9.131e-10,28.0,--+,74776.0,101023.0,85057.37,,intron_variant,lncRNA
12,rs74418502,123400869.0,T,A,0.912,0.923,0.972,-0.0861026990534117,0.0141,1.033e-09,2.0,+++,74776.0,101023.0,85057.37,ABCB9,downstream_gene_variant,protein_coding
12,rs2649999,121380544.0,T,C,0.364,0.362,0.954,0.0483043318863239,0.008,1.454e-09,2.0,+++,74776.0,101023.0,85057.37,HNF1A-AS1,intron_variant,lncRNA
12,rs3764002,108618630.0,C,T,0.694,0.703,0.971,-0.050903896528528,0.0085,1.788e-09,77.0,+++,74776.0,101023.0,85057.37,WSCD2,missense_variant,protein_coding
12,rs61924144,72258821.0,A,C,0.912,0.917,0.979,-0.0785995828126435,0.0134,4.147e-09,3.0,---,74776.0,101023.0,85057.37,TBC1D15,intron_variant,protein_coding
12,rs2686386,121639657.0,C,T,0.2,0.196,0.956,0.0546964969190277,0.0094,6.279e-09,39.0,-+-,74776.0,101023.0,85057.37,,intron_variant,lncRNA
12,rs578470,50463325.0,T,C,0.626,0.627,0.967,-0.0456984484517478,0.0079,8.418e-09,2.0,---,74776.0,101023.0,85057.37,ASIC1,intron_variant,protein_coding
12,rs61920311,14423294.0,A,C,0.62,0.601,0.916,0.0459957873421583,0.008,8.7e-09,6.0,+++,74776.0,101023.0,85057.37,,,
12,rs61952922,122520575.0,A,G,0.501,0.514,0.963,-0.0428970626523952,0.0075,9.7e-09,2.0,---,74776.0,101023.0,85057.37,MLXIP,intron_variant,protein_coding
12,rs12315638,75340402.0,C,T,0.64,0.649,0.997,0.0441986870716702,0.0078,1.369e-08,64.0,--+,74776.0,101023.0,85057.37,,intron_variant,lncRNA
12,rs725957,57331741.0,G,A,0.604,0.592,0.991,0.0435000054458512,0.0077,1.4e-08,94.0,---,74776.0,101023.0,85057.37,SDR9C7,upstream_gene_variant,protein_coding
12,rs10777187,89940502.0,T,C,0.249,0.247,0.949,0.0495993604912842,0.0088,1.622e-08,2.0,+++,74776.0,101023.0,85057.37,POC1B-AS1,non_coding_transcript_exon_variant,lncRNA
12,rs10861176,104631552.0,G,A,0.288,0.285,0.992,-0.0460020545617973,0.0082,1.739e-08,2.0,++-,74776.0,101023.0,85057.37,TXNRD1,intron_variant,protein_coding
12,rs117145318,110229434.0,C,A,0.954,0.958,0.857,-0.124203603459306,0.0223,2.392e-08,1.0,+?+,68624.0,97105.0,80270.17,TRPV4,intron_variant,protein_coding
12,rs1463209,39518293.0,C,T,0.541,0.505,0.998,0.043595744117646,0.0078,2.532e-08,23.0,--+,74776.0,101023.0,85057.37,LINC02406,non_coding_transcript_exon_variant,lncRNA
12,rs11057413,124489162.0,A,G,0.702,0.705,0.985,-0.0484027392281675,0.0087,2.644e-08,0.0,-??,67390.0,94015.0,78506.5,ZNF664,5_prime_UTR_variant,protein_coding
12,rs10860960,103594062.0,C,T,0.703,0.68,0.985,0.0459957873421583,0.0083,2.804e-08,2.0,-+-,74776.0,101023.0,85057.37,,,
12,rs11064369,6866827.0,T,G,0.651,0.656,0.948,-0.0433042394092723,0.0079,4.921e-08,4.0,---,74776.0,101023.0,85057.37,MLF2,intron_variant,protein_coding
12,rs1464492,74540895.0,T,A,0.52,0.521,0.993,0.0412954824071715,0.0076,4.986e-08,2.0,---,74776.0,101023.0,85057.37,LINC02882,intron_variant,lncRNA
10,rs12571643,104520277.0,G,A,0.863,0.856,0.991,0.113498313776424,0.0113,1.2459999999999999e-23,2.0,---,74776.0,101023.0,85057.37,WBP1L,intron_variant,protein_coding
10,rs79668541,104793904.0,C,T,0.892,0.88,0.999,0.117800813276138,0.0118,2.1909999999999998e-23,2.0,--+,74776.0,101023.0,85057.37,CNNM2,intron_variant,protein_coding
10,rs7893279,18745105.0,T,G,0.904,0.892,0.993,0.0995013844227929,0.0123,6.545e-16,43.0,+++,74776.0,101023.0,85057.37,CACNB2,intron_variant,protein_coding
10,rs11191296,104238558.0,G,C,0.85,0.843,0.989,0.0858014786911132,0.0107,1.288e-15,2.0,---,74776.0,101023.0,85057.37,MFSD13A,intron_variant,protein_coding
10,rs17731,3821561.0,G,A,0.622,0.629,0.989,-0.058901107920161,0.0077,2.945e-14,31.0,+++,74776.0,101023.0,85057.37,KLF6,3_prime_UTR_variant,protein_coding
10,rs61857878,92789488.0,A,T,0.803,0.786,0.935,0.0611045066532856,0.0096,1.837e-10,2.0,+++,74776.0,101023.0,85057.37,LINC00502,intron_variant,lncRNA
10,rs2119242,21344773.0,G,A,0.839,0.843,0.949,-0.0623010261973793,0.0103,1.767e-09,19.0,+++,74776.0,101023.0,85057.37,NEBL,intron_variant,protein_coding
10,rs7900775,106600343.0,T,C,0.335,0.325,1.0,0.0461963268897065,0.008,7.449e-09,77.0,+++,74776.0,101023.0,85057.37,SORCS3,intron_variant,protein_coding
10,rs113899647,64850074.0,C,T,0.936,0.941,0.975,-0.0898043646600713,0.0163,3.904e-08,2.0,+++,74776.0,101023.0,85057.37,,,
10,rs7902292,123903556.0,T,C,0.279,0.251,0.923,0.0499038295281839,0.0091,4.432e-08,3.0,+++,74776.0,101023.0,85057.37,TACC2,intron_variant,protein_coding
15,rs4702,91426560.0,G,A,0.436,0.432,0.913,0.0789960062264979,0.0079,1.757e-23,62.0,--+,74776.0,101023.0,85057.37,FURIN,3_prime_UTR_variant,protein_coding
15,rs3813567,78934551.0,G,A,0.245,0.255,0.968,-0.0707980713087154,0.0089,1.422e-15,4.0,+++,74776.0,101023.0,85057.37,CHRNB4,intron_variant,protein_coding
15,rs11632947,61852732.0,C,T,0.521,0.519,0.999,-0.0553964376203783,0.0075,1.639e-13,2.0,+++,74776.0,101023.0,85057.37,,intron_variant,lncRNA
15,rs11638554,85148231.0,T,G,0.762,0.738,0.984,0.0644010116835795,0.0087,1.679e-13,2.0,+++,74776.0,101023.0,85057.37,ZSCAN2,intron_variant,protein_coding
15,rs4842939,84827966.0,C,T,0.223,0.244,0.981,-0.0608971589513062,0.0089,8.872e-12,14.0,+++,74776.0,101023.0,85057.37,,intron_variant,lncRNA
15,rs2929278,44250313.0,C,T,0.706,0.718,0.946,0.056900047132812,0.0087,6.006e-11,32.0,---,74776.0,101023.0,85057.37,FRMD5,intron_variant,protein_coding
15,rs10906984,83366296.0,A,C,0.407,0.388,0.993,0.0491044005063081,0.0076,8.035e-11,47.0,+++,74776.0,101023.0,85057.37,AP3B2,intron_variant,protein_coding
15,rs2238304,89843950.0,A,T,0.518,0.521,0.98,0.0483996117232768,0.0076,1.417e-10,2.0,++-,74776.0,101023.0,85057.37,FANCI,intron_variant,protein_coding
15,rs56282503,40566759.0,T,C,0.75,0.746,0.914,-0.0557030028762507,0.009,6.628e-10,9.0,---,74776.0,101023.0,85057.37,PAK6,intron_variant,protein_coding
15,rs2447195,43931449.0,T,A,0.722,0.716,0.974,0.0522033801338585,0.0087,1.968e-09,0.0,-??,67390.0,94015.0,78506.5,CATSPER2,intron_variant,protein_coding
15,rs653765,59042012.0,T,C,0.582,0.596,0.983,0.0497040321791155,0.0084,3.092e-09,18.0,+++,74776.0,101023.0,85057.37,ADAM10,5_prime_UTR_variant,protein_coding
15,rs4842994,85415799.0,C,T,0.812,0.794,1.0,0.0539956397610122,0.0093,6.594e-09,84.0,---,74776.0,101023.0,85057.37,ALPK3,3_prime_UTR_variant,protein_coding
15,rs11070399,43646347.0,A,G,0.627,0.645,0.995,0.043203157300648,0.0079,4.95e-08,2.0,++-,74776.0,101023.0,85057.37,MAPDA,3_prime_UTR_variant,protein_coding
3,rs2710323,52815905.0,T,C,0.525,0.512,0.991,0.0716972114610293,0.0074,3.1749999999999997e-22,28.0,+++,74776.0,101023.0,85057.37,ITIH1,intron_variant,protein_coding
3,rs9311474,52338852.0,T,C,0.52,0.509,0.988,0.0651039862320457,0.0075,3.138e-18,22.0,+++,74776.0,101023.0,85057.37,,intron_variant,lncRNA
3,rs71312200,180729148.0,A,T,0.832,0.816,0.99,0.0825012215117438,0.0097,2.336e-17,2.0,++-,74776.0,101023.0,85057.37,SOX2-OT,intron_variant,lncRNA
3,rs2581789,53096230.0,C,T,0.348,0.358,0.991,-0.0651040143320462,0.0077,3.097e-17,2.0,+++,74776.0,101023.0,85057.37,RFT1,intron_variant,protein_coding
3,rs7617548,180998071.0,T,C,0.83,0.813,0.974,0.0762014934935767,0.0098,6.857e-15,25.0,+++,74776.0,101023.0,85057.37,SOX2-OT,intron_variant,lncRNA
3,rs10935184,136153468.0,T,C,0.535,0.515,0.993,0.0608975257512388,0.0078,7.934e-15,4.0,+-+,74776.0,101023.0,85057.37,STAG1,intron_variant,protein_coding
3,rs2062322,136408886.0,G,A,0.462,0.465,0.976,-0.0598030843707537,0.0082,3.03e-13,2.0,+??,67390.0,94015.0,78506.5,STAG1,intron_variant,protein_coding
3,rs7372313,135872958.0,G,C,0.519,0.497,0.966,0.0560021901152849,0.008,2.323e-12,2.0,-+-,74776.0,101023.0,85057.37,MSL2,intron_variant,protein_coding
3,rs13090130,161777035.0,G,A,0.628,0.615,0.996,0.0520989697439806,0.0077,1.037e-11,2.0,---,74776.0,101023.0,85057.37,,,
3,rs17194490,2547786.0,G,T,0.843,0.848,0.972,-0.0763952012537135,0.0113,1.532e-11,23.0,+++,74776.0,101023.0,85057.37,CNTN4,intron_variant,protein_coding
3,rs1399551,80548877.0,T,A,0.281,0.292,0.995,-0.0542978034078492,0.0082,4.506e-11,7.0,+++,74776.0,101023.0,85057.37,,,
3,rs1866862,16868616.0,A,T,0.597,0.62,0.987,-0.0499047851286405,0.0077,8.498e-11,7.0,---,74776.0,101023.0,85057.37,PLCL2,intron_variant,protein_coding_CDS_not_defined
3,rs167924,107379837.0,A,G,0.336,0.342,0.979,-0.0540022233826842,0.0085,1.844e-10,33.0,---,74776.0,101023.0,85057.37,BBX,intron_variant,protein_coding
3,rs62258010,80819789.0,T,A,0.736,0.717,0.995,0.0535028515173065,0.0084,1.903e-10,2.0,---,74776.0,101023.0,85057.37,LINC02050,non_coding_transcript_exon_variant,lncRNA
3,rs13080668,53443354.0,T,C,0.713,0.693,0.996,0.0507976715868588,0.0081,3.185e-10,26.0,+--,74776.0,101023.0,85057.37,CACNA1D,intron_variant,protein_coding
3,rs9876421,36848316.0,C,T,0.708,0.709,0.959,-0.0538017009683557,0.0086,3.192e-10,3.0,+++,74776.0,101023.0,85057.37,,intron_variant,lncRNA
3,rs6804677,17856693.0,T,C,0.416,0.434,0.959,-0.0505987987633697,0.0081,3.838e-10,3.0,---,74776.0,101023.0,85057.37,TBC1D5,intron_variant,protein_coding_CDS_not_defined
3,rs62278591,161444453.0,C,T,0.679,0.67,0.991,0.0477038600690104,0.0081,3.56e-09,2.0,---,74776.0,101023.0,85057.37,,intron_variant,lncRNA
3,rs2236989,50505395.0,C,T,0.767,0.752,0.959,0.0518996105407571,0.0088,4.028e-09,42.0,-+-,74776.0,101023.0,85057.37,CACNA2D2,intron_variant,protein_coding
3,rs59971314,63914618.0,G,C,0.657,0.681,0.987,-0.0460962958929736,0.0079,5.877e-09,7.0,+++,74776.0,101023.0,85057.37,ATXN7,intron_variant,protein_coding
3,rs9812199,17555377.0,C,T,0.634,0.614,0.97,0.0475036226439669,0.0082,6.203e-09,16.0,---,74776.0,101023.0,85057.37,TBC1D5,intron_variant,protein_coding
3,rs7648272,176791626.0,G,C,0.717,0.73,0.988,-0.0482977854077521,0.0085,1.371e-08,2.0,++-,74776.0,101023.0,85057.37,TBL1XR1,intron_variant,protein_coding
3,rs2596657,17238673.0,G,A,0.636,0.618,0.964,0.0465018336514199,0.0082,1.38e-08,3.0,---,74776.0,101023.0,85057.37,TBC1D5,intron_variant,protein_coding
3,rs1604060,117772036.0,A,G,0.0811,0.0941,0.981,-0.0758017134162819,0.0134,1.553e-08,2.0,---,74776.0,101023.0,85057.37,,intron_variant,lncRNA
3,rs11129383,30106169.0,G,A,0.705,0.716,0.964,-0.0451961304529691,0.0082,3.977e-08,2.0,+-+,74776.0,101023.0,85057.37,,intron_variant,lncRNA
4,rs13107325,103188709.0,C,T,0.925,0.936,0.975,-0.156700594765496,0.0165,1.919e-21,68.0,+++,74776.0,101023.0,85057.37,SLC39A8,missense_variant,protein_coding
4,rs12498839,176731401.0,G,A,0.93,0.934,0.977,-0.117095771876247,0.0149,3.239e-15,6.0,+++,74776.0,101023.0,85057.37,GPM6A,intron_variant,protein_coding
4,rs34592089,102926923.0,G,A,0.94,0.948,0.869,-0.138699007490652,0.0192,5.051e-13,7.0,+??,67390.0,94015.0,78506.5,BANK1,intron_variant,protein_coding
4,rs61405217,170322312.0,C,T,0.441,0.426,0.989,0.0509972505709038,0.0076,1.433e-11,2.0,--+,74776.0,101023.0,85057.37,NEK1,intron_variant,protein_coding
4,rs35734242,706700.0,T,C,0.572,0.58,0.945,-0.0513985630860003,0.0077,2.238e-11,3.0,---,74776.0,101023.0,85057.37,PCGF3,intron_variant,protein_coding
4,rs1454606,33642614.0,C,T,0.779,0.815,0.937,-0.0631954234971474,0.0102,5.002e-10,69.0,+-+,74776.0,101023.0,85057.37,,intron_variant,lncRNA
4,rs28454198,80204001.0,G,C,0.573,0.55,0.986,0.047799197133273,0.0077,5.972e-10,2.0,---,74776.0,101023.0,85057.37,LINC01088,intron_variant,lncRNA
4,rs72696657,170638466.0,C,T,0.492,0.465,0.966,0.0465018336514199,0.0078,2.657e-09,8.0,--+,74776.0,101023.0,85057.37,CLCN3,intron_variant,protein_coding
4,rs7699241,166204489.0,C,T,0.881,0.893,0.966,-0.0707014731729843,0.0119,2.756e-09,2.0,+++,74776.0,101023.0,85057.37,KLHL2,intron_variant,protein_coding
4,rs215483,23377121.0,G,A,0.672,0.687,0.984,-0.0471020897690825,0.008,4.228e-09,2.0,++-,74776.0,101023.0,85057.37,,intron_variant,lncRNA
4,rs28521069,118852986.0,C,T,0.667,0.687,0.995,-0.046400022834317,0.0079,4.685e-09,2.0,++-,74776.0,101023.0,85057.37,,intron_variant,lncRNA
4,rs73135746,34160304.0,G,A,0.853,0.869,0.993,-0.0635043893695306,0.0108,4.878e-09,2.0,+++,74776.0,101023.0,85057.37,LINC02484,intron_variant,lncRNA
4,rs4697446,24269622.0,G,T,0.535,0.555,0.99,-0.0435966737180782,0.0076,8.281e-09,44.0,+++,74776.0,101023.0,85057.37,,intron_variant,lncRNA
4,rs7681616,143806223.0,C,A,0.772,0.768,0.991,0.048904443353603,0.0088,2.703e-08,2.0,---,74776.0,101023.0,85057.37,USP38-DT,downstream_gene_variant,lncRNA
4,rs28482891,47218926.0,C,A,0.659,0.665,0.993,-0.0430954101055856,0.0079,4.006e-08,2.0,+++,74776.0,101023.0,85057.37,GABRB1,intron_variant,protein_coding
2,rs2139054,58156583.0,A,C,0.35,0.379,0.999,-0.0716034188596929,0.0077,1.0450000000000001e-20,2.0,---,74776.0,101023.0,85057.37,VRK2,intron_variant,protein_coding
2,rs11680723,200810957.0,C,G,0.835,0.841,0.981,-0.0842950694954015,0.0102,1.052e-16,3.0,-+-,74776.0,101023.0,85057.37,TYW5,non_coding_transcript_exon_variant,protein_coding
2,rs78988795,201095739.0,G,A,0.864,0.87,0.988,-0.0903952777473875,0.0109,1.377e-16,12.0,+++,74776.0,101023.0,85057.37,,intron_variant,lncRNA
2,rs778371,233743109.0,A,G,0.739,0.744,0.989,-0.0695001429845276,0.0085,2.8e-16,9.0,---,74776.0,101023.0,85057.37,NGEF,3_prime_UTR_variant,protein_coding
2,rs12471454,200014483.0,T,C,0.48,0.475,0.999,-0.0611947843281922,0.0076,5.792e-16,33.0,---,74776.0,101023.0,85057.37,,intron_variant,lncRNA
2,rs2914983,198314568.0,A,G,0.346,0.343,0.996,0.0584009748744768,0.0078,9.726e-14,2.0,++-,74776.0,101023.0,85057.37,COQ10B,upstream_gene_variant,protein_coding
2,rs11693094,185601420.0,C,T,0.572,0.543,0.974,0.055500929860874,0.0076,3.201e-13,3.0,-+-,74776.0,101023.0,85057.37,ZNF804A,intron_variant,protein_coding
2,rs68002929,146419989.0,T,A,0.829,0.84,0.978,-0.0724954268501865,0.0101,5.518e-13,7.0,+++,74776.0,101023.0,85057.37,,intron_variant,lncRNA
2,rs12991836,145141541.0,A,C,0.615,0.621,0.987,-0.0555021391616052,0.0078,8.19e-13,85.0,---,74776.0,101023.0,85057.37,ZEB2,intron_variant,protein_coding
2,rs700678,198705820.0,T,C,0.336,0.337,0.999,0.0556995724703668,0.0079,1.672e-12,3.0,++-,74776.0,101023.0,85057.37,PLCL1,intron_variant,protein_coding
2,rs3770752,37576136.0,A,G,0.717,0.692,0.963,0.0592966816705476,0.0084,1.741e-12,48.0,+++,74776.0,101023.0,85057.37,QPCT,intron_variant,protein_coding
2,rs72618696,58465027.0,T,C,0.709,0.684,0.982,0.0562007331879655,0.0081,4.221e-12,2.0,++-,74776.0,101023.0,85057.37,FANCL,intron_variant,protein_coding
2,rs17584976,185926285.0,G,C,0.593,0.565,0.947,0.0501986955327459,0.0077,8.125e-11,2.0,-+-,74776.0,101023.0,85057.37,,intron_variant,lncRNA
2,rs72974238,225432470.0,C,A,0.701,0.681,0.995,0.0509972505709038,0.008,1.626e-10,2.0,---,74776.0,101023.0,85057.37,CUL3,intron_variant,protein_coding
2,rs62152282,104981749.0,A,T,0.771,0.786,0.995,-0.0580953231907121,0.0094,6.396e-10,0.0,-??,67390.0,94015.0,78506.5,,intron_variant,lncRNA
2,rs6430491,134840967.0,G,A,0.75,0.759,0.999,0.0539956397610122,0.0087,6.705e-10,75.0,---,74776.0,101023.0,85057.37,,,
2,rs1396728,22697499.0,C,T,0.565,0.545,0.984,0.047799197133273,0.0079,1.628e-09,9.0,--+,74776.0,101023.0,85057.37,LINC03116,intron_variant,lncRNA
2,rs62183855,172956449.0,A,C,0.842,0.829,0.967,0.0610010215573989,0.0102,1.97e-09,2.0,+++,74776.0,101023.0,85057.37,DLX1,non_coding_transcript_exon_variant,protein_coding
2,rs7592902,37136036.0,A,C,0.488,0.498,0.988,-0.04470452178448,0.0075,2.023e-09,2.0,--+,74776.0,101023.0,85057.37,STRN,intron_variant,protein_coding
2,rs999494,73157395.0,C,T,0.82,0.809,0.991,0.0567016428693038,0.0096,3.618e-09,94.0,---,74776.0,101023.0,85057.37,EMX1,intron_variant,protein_coding
2,rs4672366,60389362.0,A,T,0.699,0.684,0.912,0.0495993604912842,0.0085,4.578e-09,2.0,+++,74776.0,101023.0,85057.37,,,
2,rs7575796,97746526.0,A,G,0.931,0.92,0.727,0.0988040690585806,0.0169,5.307e-09,25.0,+++,74776.0,101023.0,85057.37,FAHD2B,upstream_gene_variant,protein_coding
2,rs7604885,162806408.0,G,A,0.626,0.622,0.975,-0.0462952789853036,0.008,5.942e-09,6.0,+++,74776.0,101023.0,85057.37,SLC4A10,intron_variant,protein_coding
2,rs6546857,73837955.0,A,G,0.752,0.769,0.966,-0.0542027860143161,0.0094,8.702e-09,8.0,---,74776.0,101023.0,85057.37,ALMS1,intron_variant,protein_coding
2,rs34181670,28019856.0,T,C,0.706,0.705,0.99,0.0485996698360624,0.0085,1.128e-08,2.0,+++,74776.0,101023.0,85057.37,RBKS,intron_variant,protein_coding
2,rs11692435,98275354.0,G,A,0.925,0.912,0.917,0.0878002324280124,0.0154,1.216e-08,66.0,---,74776.0,101023.0,85057.37,ACTR1B,missense_variant,protein_coding
2,rs13414801,28290347.0,T,C,0.412,0.41,0.988,-0.0438996422900184,0.0077,1.365e-08,83.0,-+-,74776.0,101023.0,85057.37,BABAM2,intron_variant,protein_coding
2,rs12476312,228983498.0,C,T,0.633,0.625,0.997,0.043203157300648,0.0077,1.676e-08,2.0,---,74776.0,101023.0,85057.37,SPHKAP,intron_variant,protein_coding
2,rs1881046,156835793.0,G,T,0.673,0.653,0.979,0.0443995872966845,0.0079,1.92e-08,3.0,-+-,74776.0,101023.0,85057.37,,upstream_gene_variant,lncRNA
2,rs17247190,2315801.0,A,G,0.785,0.781,0.977,-0.0517039049923374,0.0092,2.152e-08,26.0,--+,74776.0,101023.0,85057.37,MYT1L,intron_variant,protein_coding
2,rs16831510,200305460.0,G,T,0.827,0.826,0.981,0.0575044650684261,0.0103,2.586e-08,2.0,---,74776.0,101023.0,85057.37,SATB2,intron_variant,protein_coding
2,rs345906,8689731.0,T,C,0.57,0.595,0.933,-0.0442967745820927,0.008,3.535e-08,2.0,---,74776.0,101023.0,85057.37,LINC00299,intron_variant,lncRNA
2,rs35026989,155921286.0,T,G,0.799,0.806,0.992,-0.0538966802576654,0.0098,3.805e-08,0.0,-??,67390.0,94015.0,78506.5,,intron_variant,lncRNA
2,rs10173857,174951182.0,C,T,0.772,0.751,0.952,0.0501035869662456,0.0091,3.836e-08,3.0,---,74776.0,101023.0,85057.37,OLA1,intron_variant,protein_coding
2,rs2033996,76284826.0,T,A,0.799,0.812,0.995,-0.0519988063604998,0.0095,4.326e-08,24.0,++-,74776.0,101023.0,85057.37,,intron_variant,lncRNA
1,rs4950119,98491248.0,A,C,0.148,0.168,0.998,-0.0906032746829194,0.0102,8.363e-19,9.0,-++,74776.0,101023.0,85057.37,MIR137HG,intron_variant,lncRNA
1,rs12042444,73988149.0,C,T,0.391,0.377,0.988,0.064297867182731,0.0077,8.532e-17,2.0,--+,74776.0,101023.0,85057.37,,downstream_gene_variant,lncRNA
1,rs2970610,44097530.0,T,C,0.375,0.345,0.997,0.0639039448366128,0.0078,2.507e-16,3.0,+++,74776.0,101023.0,85057.37,,,
1,rs56335113,30427639.0,A,G,0.36,0.327,0.974,0.0653007305821358,0.0081,1.061e-15,8.0,+++,74776.0,101023.0,85057.37,,,
1,rs11587347,239198959.0,C,G,0.91,0.914,0.911,-0.102298541622007,0.0135,4e-14,30.0,---,74776.0,101023.0,85057.37,,,
1,rs16851048,177276006.0,T,C,0.781,0.8,0.991,-0.0680968444676575,0.0091,8.28e-14,23.0,---,74776.0,101023.0,85057.37,,,
1,rs61833239,244010441.0,T,G,0.842,0.839,0.72,-0.0867023338392929,0.012,5.648e-13,19.0,---,74776.0,101023.0,85057.37,AKT3,intron_variant,protein_coding
1,rs2494638,2372133.0,G,C,0.339,0.359,0.713,-0.0695966251380842,0.0098,1.232e-12,0.0,+??,67390.0,94015.0,78506.5,PLCH2,intron_variant,protein_coding
1,rs10927035,243703982.0,C,T,0.416,0.402,0.987,-0.0527996915922012,0.0077,9.112e-12,19.0,+++,74776.0,101023.0,85057.37,AKT3,intron_variant,protein_coding
1,rs6664103,73598422.0,C,A,0.537,0.538,0.986,-0.0544033888793865,0.0081,1.862e-11,1.0,+??,67390.0,94015.0,78506.5,,,
1,rs7544848,73288933.0,A,G,0.621,0.617,0.976,-0.0530000131617053,0.0079,1.887e-11,3.0,--+,74776.0,101023.0,85057.37,,intron_variant,lncRNA
1,rs11165846,97819667.0,C,G,0.709,0.721,0.998,-0.0544033888793865,0.0083,6.452e-11,40.0,-+-,74776.0,101023.0,85057.37,DPYD,intron_variant,protein_coding
1,rs2252865,8422676.0,T,C,0.285,0.287,0.991,0.0528960093534967,0.0084,2.756e-10,59.0,+++,74776.0,101023.0,85057.37,RERE,intron_variant,protein_coding
1,rs645383,36373823.0,C,G,0.814,0.817,0.978,0.0720043324830851,0.0115,4.61e-10,22.0,+++,74776.0,101023.0,85057.37,AGO1,intron_variant,protein_coding
1,rs61828917,173580303.0,C,T,0.864,0.858,0.984,0.0674997573466154,0.0109,5.198e-10,12.0,---,74776.0,101023.0,85057.37,ANKRD45,intron_variant,protein_coding
1,rs12138231,150115398.0,T,A,0.187,0.178,0.889,-0.066300071757232,0.0108,7.372e-10,3.0,+++,74776.0,101023.0,85057.37,VPS45,3_prime_UTR_variant,protein_coding
1,rs56753505,173867252.0,T,G,0.7,0.707,0.971,0.0517002115855168,0.0085,1.158e-09,2.0,+++,74776.0,101023.0,85057.37,ZBTB37,3_prime_UTR_variant,protein_coding
1,rs6588168,66324118.0,C,T,0.479,0.48,0.981,-0.0458973523870375,0.0075,1.167e-09,2.0,+++,74776.0,101023.0,85057.37,PDE4B,intron_variant,protein_coding
1,rs61789527,97146047.0,G,A,0.8,0.812,0.998,-0.05519563546795,0.0092,2.282e-09,2.0,++-,74776.0,101023.0,85057.37,RPL7P9,upstream_gene_variant,processed_pseudogene
1,rs7515363,200414959.0,C,T,0.308,0.319,0.974,0.0491044005063081,0.0083,3.425e-09,2.0,-+-,74776.0,101023.0,85057.37,,intron_variant,lncRNA
1,rs61786047,29032580.0,G,A,0.899,0.89,0.941,0.0782010127941653,0.0133,3.753e-09,2.0,-+-,74776.0,101023.0,85057.37,GMEB1,intron_variant,protein_coding
1,rs6425275,174122088.0,G,C,0.754,0.758,0.993,0.0533985767246953,0.0091,4.049e-09,2.0,---,74776.0,101023.0,85057.37,RABGAP1L-DT,intron_variant,lncRNA
1,rs10157075,84210463.0,A,T,0.847,0.833,0.994,0.0590044865764036,0.0101,5.264e-09,2.0,+++,74776.0,101023.0,85057.37,LINC01725,intron_variant,lncRNA
1,rs11209828,72175700.0,A,T,0.605,0.591,0.975,0.0450020459197846,0.0077,5.849e-09,2.0,++-,74776.0,101023.0,85057.37,NEGR1,intron_variant,protein_coding
1,rs12126806,200963825.0,C,T,0.754,0.74,0.995,0.0497991787524836,0.0086,6.912e-09,18.0,---,74776.0,101023.0,85057.37,KIF21B,intron_variant,protein_coding
1,rs11807834,230272624.0,G,A,0.769,0.769,0.958,-0.0521041493573948,0.009,7.66e-09,39.0,+++,74776.0,101023.0,85057.37,GALNT2,intron_variant,protein_coding
1,rs3900555,61063225.0,G,A,0.454,0.473,0.995,-0.0428970626523952,0.0075,9.947e-09,2.0,++-,74776.0,101023.0,85057.37,LINC01748,intron_variant,lncRNA
1,rs11210935,44369444.0,G,A,0.279,0.247,0.999,0.0479993753879105,0.0087,3.136e-08,4.0,-+-,74776.0,101023.0,85057.37,ST3GAL3,intron_variant,protein_coding
1,rs4653164,36627542.0,C,T,0.389,0.38,0.987,-0.0428031223253094,0.0077,3.163e-08,27.0,+++,74776.0,101023.0,85057.37,MAP7D1,intron_variant,protein_coding
1,rs10559,153920564.0,A,G,0.699,0.699,0.996,-0.0440981887217984,0.008,4.024e-08,22.0,--+,74776.0,101023.0,85057.37,DENND4B,3_prime_UTR_variant,protein_coding
1,rs1023330,95586773.0,C,T,0.69,0.679,0.998,-0.044401309298167,0.0081,4.625e-08,74.0,+++,74776.0,101023.0,85057.37,TLCD4,intron_variant,protein_coding
11,rs2902858,46524013.0,T,C,0.828,0.846,0.999,-0.0880992412266881,0.0101,2.69e-18,22.0,---,74776.0,101023.0,85057.37,AMBRA1,intron_variant,protein_coding
11,rs61902811,113370758.0,G,A,0.733,0.71,0.99,0.0674997573466154,0.0086,5.332e-15,2.0,---,74776.0,101023.0,85057.37,,,
11,rs4936215,133852684.0,A,G,0.832,0.808,0.931,0.0785985885121491,0.0102,1.107e-14,8.0,++-,74776.0,101023.0,85057.37,,,
11,rs3016384,132573390.0,C,T,0.526,0.509,0.987,0.0542040540135122,0.0074,1.924e-13,60.0,---,74776.0,101023.0,85057.37,OPCML,intron_variant,protein_coding
11,rs12541,124623492.0,T,C,0.738,0.75,0.997,0.0639039448366128,0.0088,3.774e-13,86.0,++-,74776.0,101023.0,85057.37,ESAM,3_prime_UTR_variant,protein_coding
11,rs10838634,46929954.0,A,G,0.14,0.112,0.988,0.0916033178729985,0.0128,6.846e-13,9.0,+++,74776.0,101023.0,85057.37,LRP4,intron_variant,protein_coding
11,rs893949,134296384.0,C,T,0.43,0.422,0.979,0.0542987734073789,0.0076,7.276e-13,47.0,---,74776.0,101023.0,85057.37,B3GAT1-DT,intron_variant,lncRNA
11,rs4937935,134580591.0,A,T,0.477,0.501,0.973,-0.0542978034078492,0.0078,2.985e-12,6.0,---,74776.0,101023.0,85057.37,LINC02706,intron_variant,lncRNA
11,rs77502336,123394636.0,G,C,0.659,0.671,0.978,-0.0546040319940407,0.008,6.942e-12,8.0,+++,74776.0,101023.0,85057.37,GRAMD1B,intron_variant,protein_coding
11,rs12363019,24374545.0,T,A,0.587,0.573,0.989,-0.0523991687992084,0.008,5.906e-11,2.0,+++,74776.0,101023.0,85057.37,,,
11,rs10767735,28642561.0,G,C,0.542,0.542,0.977,0.0503983940836932,0.0077,7.15e-11,2.0,--+,74776.0,101023.0,85057.37,,,
11,rs61897848,47198638.0,C,T,0.914,0.918,0.985,-0.09330020116546,0.0149,3.345e-10,4.0,+-+,74776.0,101023.0,85057.37,PACSIN3,5_prime_UTR_variant,protein_coding
11,rs10894308,130891895.0,G,A,0.567,0.546,0.96,0.047799197133273,0.0076,3.59e-10,36.0,---,74776.0,101023.0,85057.37,,,
11,rs708228,57585662.0,C,T,0.718,0.717,0.998,-0.0488016642355575,0.0083,3.992e-09,38.0,+-+,74776.0,101023.0,85057.37,CTNND1,3_prime_UTR_variant,protein_coding
11,rs1144403,104677870.0,A,T,0.492,0.475,1.0,0.0421970486997883,0.0075,1.607e-08,2.0,+++,74776.0,101023.0,85057.37,,,
11,rs6484367,28387459.0,G,A,0.454,0.461,0.976,0.0425996136188173,0.0076,2.277e-08,2.0,---,74776.0,101023.0,85057.37,METTL15,intron_variant,nonsense_mediated_decay
11,rs11227250,65438345.0,C,T,0.704,0.696,0.991,-0.046201018900714,0.0083,2.635e-08,2.0,+++,74776.0,101023.0,85057.37,RELA-DT,intron_variant,lncRNA
11,rs72943392,81178838.0,G,C,0.771,0.764,0.964,-0.0499047851286405,0.0091,4.711e-08,7.0,++-,74776.0,101023.0,85057.37,,,
14,rs2190873,72424905.0,T,C,0.465,0.46,0.989,0.0628996789690455,0.0074,2.124e-17,8.0,+++,74776.0,101023.0,85057.37,RGS6,intron_variant,protein_coding
14,rs10873538,104255569.0,T,G,0.668,0.674,0.994,-0.0593997472816252,0.0079,6.142e-14,2.0,--+,74776.0,101023.0,85057.37,PPP1R13B,intron_variant,protein_coding
14,rs12883788,33303540.0,C,T,0.584,0.582,0.976,-0.0542027860143161,0.0076,1.297e-12,2.0,+++,74776.0,101023.0,85057.37,AKAP6,3_prime_UTR_variant,protein_coding
14,rs1540840,99733384.0,G,C,0.64,0.606,0.817,0.056900047132812,0.0088,9.654e-11,2.0,---,74776.0,101023.0,85057.37,BCL11B,intron_variant,protein_coding
14,rs17571951,30017039.0,T,C,0.797,0.796,0.977,-0.0651040143320462,0.0103,2.327e-10,3.0,---,74776.0,101023.0,85057.37,,,
14,rs10148671,29469373.0,T,C,0.446,0.434,0.997,-0.0467038420537432,0.0079,4.139e-09,98.0,---,74776.0,101023.0,85057.37,LINC02327,intron_variant,lncRNA
14,rs7141857,84664288.0,T,C,0.364,0.374,0.992,-0.044401309298167,0.0077,9.135e-09,11.0,--+,74776.0,101023.0,85057.37,,downstream_gene_variant,lncRNA
14,rs2236281,104000518.0,G,T,0.722,0.722,0.976,-0.0473012731180131,0.0084,1.561e-08,2.0,+++,74776.0,101023.0,85057.37,TRMT61A,intron_variant,protein_coding
8,rs4129585,143312933.0,A,C,0.396,0.395,0.991,0.0651039862320457,0.0077,2.506e-17,82.0,+-+,74776.0,101023.0,85057.37,TSNARE1,intron_variant,protein_coding
8,rs73219806,26279173.0,C,A,0.777,0.796,0.946,-0.0714960017050699,0.0094,2.711e-14,9.0,+++,74776.0,101023.0,85057.37,BNIP3L,intron_variant,protein_coding
8,rs73229090,27442127.0,C,A,0.905,0.893,0.964,0.0977979917233007,0.014,2.443e-12,9.0,-++,74776.0,101023.0,85057.37,GULOP,intron_variant,unitary_pseudogene
8,8:4180090_T_A,4180090.0,T,A,0.772,0.784,0.99,-0.0628013642021005,0.0093,1.45e-11,7.0,+??,67390.0,94015.0,78506.5,,,
8,rs6471815,60698795.0,A,G,0.39,0.385,0.999,0.0505029821731068,0.0076,2.711e-11,2.0,++-,74776.0,101023.0,85057.37,,,
8,rs7830315,65608361.0,T,C,0.51,0.509,0.993,-0.0490957108440633,0.0074,3.336e-11,59.0,---,74776.0,101023.0,85057.37,CYP7B1,intron_variant,protein_coding
8,rs4043663,89275232.0,G,A,0.269,0.244,0.997,0.0575044650684261,0.0087,3.628e-11,2.0,---,74776.0,101023.0,85057.37,MMP16,intron_variant,protein_coding
8,rs298216,65293195.0,C,G,0.115,0.116,0.979,-0.0763952012537135,0.0117,6.786e-11,2.0,---,74776.0,101023.0,85057.37,MIR124-2HG,non_coding_transcript_exon_variant,lncRNA
8,rs59498392,38260433.0,C,G,0.782,0.769,0.992,0.0574006067311047,0.0089,1.104e-10,2.0,+++,74776.0,101023.0,85057.37,LETM2,3_prime_UTR_variant,protein_coding
8,rs35642681,89685209.0,A,G,0.808,0.825,0.999,-0.0615031325940498,0.0096,1.193e-10,2.0,---,74776.0,101023.0,85057.37,,intron_variant,lncRNA
8,rs10086619,111580570.0,A,G,0.819,0.834,0.996,-0.0615988462189574,0.0098,2.972e-10,18.0,--+,74776.0,101023.0,85057.37,,,
8,rs2600490,1024114.0,T,C,0.821,0.815,0.634,0.0719019692890779,0.0125,8.811e-09,0.0,+??,67390.0,94015.0,78506.5,,intron_variant,lncRNA
8,rs1434281,103671080.0,G,A,0.683,0.67,0.987,0.0454990400712183,0.008,1.083e-08,2.0,---,74776.0,101023.0,85057.37,KLF10,intron_variant,protein_coding
8,rs6989793,9744650.0,A,G,0.262,0.255,0.998,0.0481995135792341,0.0085,1.185e-08,77.0,+++,74776.0,101023.0,85057.37,,,
8,rs876983,18407858.0,T,C,0.559,0.529,0.984,0.0435000054458512,0.0077,1.421e-08,54.0,+++,74776.0,101023.0,85057.37,PSD3,intron_variant,protein_coding
8,rs79445414,33863561.0,T,C,0.957,0.961,0.93,-0.125098478378138,0.0221,1.437e-08,7.0,-?-,68624.0,97105.0,80270.17,,intron_variant,lncRNA
8,rs7464611,144933453.0,C,T,0.511,0.481,0.943,0.0425996136188173,0.0077,3.684e-08,2.0,---,74776.0,101023.0,85057.37,,intron_variant,lncRNA
5,rs7709645,60731458.0,G,C,0.531,0.549,0.998,-0.0649972930239685,0.0078,6.109e-17,9.0,+++,74776.0,101023.0,85057.37,ZSWIM6,intron_variant,protein_coding
5,rs10035564,45252500.0,A,G,0.591,0.624,0.972,-0.0594952597858765,0.0078,1.704e-14,12.0,-+-,74776.0,101023.0,85057.37,HCN1,downstream_gene_variant,protein_coding
5,rs12110137,45727866.0,T,C,0.531,0.556,0.985,-0.0536012187552047,0.0075,8.324e-13,4.0,---,74776.0,101023.0,85057.37,,,
5,rs72802887,152249082.0,A,G,0.784,0.759,0.974,0.0666020156675811,0.0093,8.529e-13,2.0,+++,74776.0,101023.0,85057.37,LINC01470,intron_variant,lncRNA
5,rs2910032,152540354.0,C,T,0.438,0.423,1.0,0.0533985767246953,0.0076,2.822e-12,33.0,---,74776.0,101023.0,85057.37,LINC01470,intron_variant,lncRNA
5,rs57299032,45998264.0,A,G,0.545,0.568,0.867,-0.0548047153744336,0.008,7.548e-12,2.0,-+-,74776.0,101023.0,85057.37,,,
5,rs187653,137882698.0,T,C,0.51,0.524,0.989,0.0524026787930484,0.0078,1.729e-11,2.0,++-,74776.0,101023.0,85057.37,ETF1,intron_variant,protein_coding
5,rs7701188,88744550.0,G,A,0.882,0.882,0.967,0.0746992259002006,0.0118,2.814e-10,18.0,--+,74776.0,101023.0,85057.37,MEF2C-AS1,intron_variant,lncRNA
5,rs72723227,7245664.0,G,A,0.682,0.666,0.983,0.0503033045092425,0.008,3.764e-10,2.0,---,74776.0,101023.0,85057.37,,intron_variant,lncRNA
5,rs11241041,109183341.0,G,T,0.726,0.747,0.995,-0.0596013954910886,0.0096,5.35e-10,0.0,+??,67390.0,94015.0,78506.5,MAN2A1,splice_polypyrimidine_tract_variant,protein_coding
5,rs115037896,49545069.0,A,G,0.491,0.465,0.871,0.0489996660319079,0.008,9.04e-10,2.0,+-+,74776.0,101023.0,85057.37,,,
5,rs3935086,44960923.0,T,A,0.589,0.622,0.933,-0.0486966685402845,0.008,9.28e-10,6.0,++-,74776.0,101023.0,85057.37,,intron_variant,lncRNA
5,rs11948752,49799916.0,C,T,0.497,0.468,0.981,0.0461963268897065,0.0076,9.846e-10,3.0,---,74776.0,101023.0,85057.37,,,
5,rs815609,153516901.0,A,G,0.455,0.466,0.986,-0.0513038207587421,0.0084,1.063e-09,2.0,---,74776.0,101023.0,85057.37,MFAP3,intron_variant,protein_coding_CDS_not_defined
5,rs34879738,90272197.0,A,G,0.737,0.715,0.958,0.0539956397610122,0.009,1.766e-09,3.0,+++,74776.0,101023.0,85057.37,ADGRV1,intron_variant,protein_coding
5,rs2914025,90987296.0,T,G,0.746,0.763,0.994,-0.0540022233826842,0.009,1.97e-09,0.0,-??,67390.0,94015.0,78506.5,,intron_variant,lncRNA
5,rs79212538,151993104.0,G,T,0.956,0.959,0.938,-0.117298153230869,0.0198,3.159e-09,6.0,+?+,68624.0,97105.0,80270.17,,intron_variant,lncRNA
5,rs246023,140333990.0,G,T,0.462,0.464,0.994,0.0437010460710946,0.0074,3.536e-09,2.0,-+-,74776.0,101023.0,85057.37,PCDHAC1,intron_variant,protein_coding
5,rs12652777,155775075.0,T,C,0.46,0.446,0.993,0.0443995872966845,0.0076,5.102e-09,8.0,+++,74776.0,101023.0,85057.37,SGCD,intron_variant,protein_coding
5,rs252812,106735490.0,A,G,0.234,0.225,0.987,0.0528960093534967,0.0091,5.772e-09,2.0,+-+,74776.0,101023.0,85057.37,EFNA5,intron_variant,protein_coding
5,rs8185183,46279398.0,G,C,0.471,0.458,0.828,0.0487996879336047,0.0084,6.266e-09,0.0,-??,67390.0,94015.0,78506.5,,,
5,rs9687282,139065988.0,T,G,0.666,0.69,0.985,-0.0475948788076838,0.0082,7.338e-09,3.0,--+,74776.0,101023.0,85057.37,CXXC5,intron_variant,protein_coding
5,rs39967,57744788.0,T,C,0.14,0.154,0.988,-0.0601959637034527,0.0105,1.009e-08,18.0,---,74776.0,101023.0,85057.37,,downstream_gene_variant,lncRNA
5,rs1065861,88091950.0,A,T,0.0556,0.0609,0.966,-0.0933990072585827,0.0169,3.266e-08,0.0,-??,67390.0,94015.0,78506.5,MEF2C,intron_variant,protein_coding
20,rs1006945,37458009.0,G,T,0.447,0.459,0.997,-0.0601003842529617,0.0074,3.3e-16,76.0,+++,74776.0,101023.0,85057.37,PPP1R16B,intron_variant,protein_coding
20,rs6125656,48090779.0,G,A,0.833,0.839,0.979,-0.0640053299759124,0.0101,2.197e-10,8.0,+++,74776.0,101023.0,85057.37,KCNB1,intron_variant,protein_coding
18,rs55858161,77653508.0,C,T,0.619,0.635,0.973,-0.0652961413926661,0.0081,7.552e-16,4.0,+??,67390.0,94015.0,78506.5,KCNG2,intron_variant,protein_coding
18,rs35360904,52751297.0,T,G,0.571,0.558,1.0,0.0562007331879655,0.0075,5.404e-14,2.0,+++,74776.0,101023.0,85057.37,,intron_variant,lncRNA
18,rs74914300,53010348.0,T,G,0.957,0.963,0.993,-0.161695739000298,0.0217,1.042e-13,1.0,-?-,68624.0,97105.0,80270.17,TCF4,intron_variant,protein_coding
18,rs11083369,27481687.0,G,T,0.713,0.727,0.959,-0.0608015124606624,0.0083,3.054e-13,5.0,+++,74776.0,101023.0,85057.37,,intron_variant,lncRNA
18,rs715170,53795514.0,C,T,0.774,0.752,0.98,0.0610010215573989,0.0088,5.112e-12,10.0,-++,74776.0,101023.0,85057.37,LINC01539,intron_variant,lncRNA
18,rs76888488,53311001.0,A,G,0.967,0.972,0.99,-0.170895088245539,0.025,7.894e-12,1.0,-?-,68624.0,97105.0,80270.17,TCF4,intron_variant,protein_coding
18,rs8084351,50726559.0,G,A,0.577,0.575,0.996,-0.0478046499481398,0.0081,3.18e-09,64.0,+++,74776.0,101023.0,85057.37,DCC,intron_variant,protein_coding
18,rs337718,69774278.0,T,C,0.312,0.298,0.994,0.0459957873421583,0.008,9.408e-09,51.0,+-+,74776.0,101023.0,85057.37,,,
22,rs9607782,41587556.0,T,A,0.777,0.776,0.951,-0.0713026798988422,0.0093,1.69e-14,2.0,+++,74776.0,101023.0,85057.37,EP300-AS1,intron_variant,lncRNA
22,rs732381,40051166.0,A,T,0.582,0.595,0.943,-0.0657979805904322,0.0089,1.171e-13,15.0,---,74776.0,101023.0,85057.37,CACNA1I,intron_variant,protein_coding
22,rs5751191,42370991.0,T,C,0.444,0.455,0.991,-0.053200374867981,0.0078,6.922e-12,56.0,-++,74776.0,101023.0,85057.37,SEPTIN3,intron_variant,protein_coding
22,rs5758659,42622003.0,C,T,0.593,0.589,0.99,-0.0451961304529691,0.0076,2.663e-09,21.0,+-+,74776.0,101023.0,85057.37,,,
22,rs6010045,51103091.0,T,C,0.33,0.326,0.957,-0.0458031298018141,0.0081,1.603e-08,2.0,---,74776.0,101023.0,85057.37,,splice_region_variant,lncRNA
19,rs8101499,19476984.0,A,G,0.365,0.349,0.988,0.0592024345167419,0.0077,1.773e-14,2.0,+++,74776.0,101023.0,85057.37,,intron_variant,lncRNA
19,rs7251,50162909.0,C,G,0.649,0.654,0.951,0.0582028682075395,0.008,3.793e-13,4.0,+++,74776.0,101023.0,85057.37,IRF3,missense_variant,protein_coding
19,rs72986630,11849736.0,C,T,0.94,0.942,0.794,-0.107796814358176,0.0174,6.313e-10,32.0,++-,74776.0,101023.0,85057.37,ZNF823,5_prime_UTR_variant,protein_coding
19,rs2387414,51034243.0,G,C,0.424,0.433,0.93,-0.048896169787829,0.0081,1.396e-09,2.0,+++,74776.0,101023.0,85057.37,LRRC4B,intron_variant,protein_coding
19,rs322124,11399372.0,C,G,0.765,0.781,0.973,-0.0521041493573948,0.0089,4.534e-09,2.0,--+,74776.0,101023.0,85057.37,,,
19,rs144821294,2155136.0,C,T,0.963,0.966,0.763,-0.13480076937097,0.0235,9.802e-09,2.0,+++,74776.0,101023.0,85057.37,AP3D1,intron_variant,protein_coding
19,rs3810450,36530562.0,T,C,0.937,0.933,0.964,0.089200645458302,0.0157,1.374e-08,4.0,++-,74776.0,101023.0,85057.37,THAP8,missense_variant,protein_coding
19,rs758749,57189718.0,C,T,0.859,0.865,0.949,-0.0617052054366793,0.0109,1.485e-08,18.0,+++,74776.0,101023.0,85057.37,,intron_variant,lncRNA
16,rs9925915,29993686.0,G,C,0.582,0.567,0.995,0.0570039574677328,0.0075,2.508e-14,2.0,---,74776.0,101023.0,85057.37,TAOK2,intron_variant,protein_coding
16,rs12925872,13752356.0,C,T,0.79,0.796,0.994,-0.067305011010914,0.0091,1.869e-13,2.0,+++,74776.0,101023.0,85057.37,,intron_variant,lncRNA
16,rs9674103,9909123.0,T,A,0.746,0.758,0.984,-0.0591981397259644,0.0087,1.131e-11,21.0,+++,74776.0,101023.0,85057.37,GRIN2A,intron_variant,protein_coding
16,rs8048039,4498486.0,A,T,0.389,0.359,0.944,0.0511967897311259,0.0081,1.979e-10,2.0,+++,74776.0,101023.0,85057.37,DNAJA3,intron_variant,protein_coding
16,rs11076631,89877975.0,A,G,0.502,0.506,0.963,0.0505029821731068,0.0083,1.329e-09,6.0,++-,74776.0,101023.0,85057.37,FANCA,intron_variant,protein_coding
16,rs2965960,89541795.0,G,A,0.274,0.288,0.989,-0.0484972070855493,0.0083,4.7e-09,8.0,+++,74776.0,101023.0,85057.37,ANKRD11,intron_variant,protein_coding
16,rs11862968,68414975.0,C,G,0.787,0.801,0.985,-0.0546040319940407,0.0093,4.715e-09,16.0,---,74776.0,101023.0,85057.37,SMPD3,intron_variant,protein_coding
16,rs11647188,82648514.0,A,G,0.528,0.532,0.977,0.0441986870716702,0.0077,1.077e-08,2.0,+++,74776.0,101023.0,85057.37,,,
16,rs244908,58665389.0,C,G,0.664,0.637,0.982,0.0461963268897065,0.0082,1.833e-08,2.0,+++,74776.0,101023.0,85057.37,CNOT1,upstream_gene_variant,protein_coding
17,rs959071,19142226.0,C,T,0.683,0.715,0.926,0.0754970069979959,0.0109,4.048e-12,26.0,---,74776.0,101023.0,85057.37,EPN2,intron_variant,protein_coding
17,rs2696466,44289832.0,A,G,0.598,0.588,0.859,0.0522982892110339,0.0081,1.014e-10,2.0,++-,74776.0,101023.0,85057.37,KANSL1,intron_variant,protein_coding
17,rs3874943,44572068.0,A,G,0.51,0.511,0.815,-0.0509986009718156,0.0083,7.341e-10,2.0,---,74776.0,101023.0,85057.37,ARL17B,intron_variant,protein_coding
17,rs12943566,2157774.0,A,G,0.338,0.341,0.99,-0.0486966685402845,0.0079,7.851e-10,2.0,--+,74776.0,101023.0,85057.37,SMG6,intron_variant,protein_coding
17,rs75329315,1245442.0,T,G,0.912,0.903,0.976,0.0796980328953936,0.013,9.376e-10,2.0,+-+,74776.0,101023.0,85057.37,YWHAE,downstream_gene_variant,protein_coding
17,rs4793888,55737740.0,G,A,0.793,0.8,0.983,-0.0573960891413091,0.0094,1.124e-09,2.0,++-,74776.0,101023.0,85057.37,MSI2,intron_variant,protein_coding
17,rs6504163,61545779.0,C,T,0.342,0.362,0.943,-0.0486021818392175,0.008,1.234e-09,2.0,+++,74776.0,101023.0,85057.37,PPIAP55,upstream_gene_variant,processed_pseudogene
17,rs62056909,43783803.0,A,G,0.812,0.801,0.976,0.0636037093371393,0.0105,1.592e-09,2.0,++-,74776.0,101023.0,85057.37,,,
17,rs199498,44865603.0,T,C,0.742,0.736,0.929,0.0518046636160167,0.009,8.901e-09,17.0,+++,74776.0,101023.0,85057.37,WNT3,intron_variant,protein_coding
17,rs11263770,34896877.0,G,A,0.568,0.55,0.966,0.0425996136188173,0.0076,1.743e-08,2.0,---,74776.0,101023.0,85057.37,PIGW,intron_variant,protein_coding
17,rs12950148,12872802.0,A,G,0.829,0.835,0.976,-0.0561048513847726,0.01,1.918e-08,2.0,-+-,74776.0,101023.0,85057.37,ARHGAP44,intron_variant,protein_coding
17,rs62063276,44036408.0,T,G,0.807,0.8,0.956,0.0582028682075395,0.0104,2.25e-08,2.0,++-,74776.0,101023.0,85057.37,MAPT,intron_variant,protein_coding
17,rs3909258,19945819.0,C,G,0.534,0.537,0.983,-0.0421040660228114,0.0076,3.51e-08,2.0,---,74776.0,101023.0,85057.37,SPECC1,intron_variant,protein_coding
13,rs9545047,79859456.0,A,C,0.666,0.641,0.979,0.0551035262260241,0.0079,4.123e-12,2.0,+++,74776.0,101023.0,85057.37,,,
13,rs1212082,80126768.0,G,A,0.652,0.628,0.994,0.0509022179271191,0.0078,7.711e-11,13.0,---,74776.0,101023.0,85057.37,NDFIP2,3_prime_UTR_variant,protein_coding
13,rs9597388,56928696.0,G,A,0.822,0.814,0.978,0.06259914175652,0.0097,8.978e-11,2.0,---,74776.0,101023.0,85057.37,,,
13,rs11619756,44329004.0,G,A,0.563,0.526,0.987,0.0507976715868588,0.008,2.04e-10,35.0,---,74776.0,101023.0,85057.37,ENOX1,intron_variant,protein_coding
13,rs9569820,58702746.0,G,T,0.844,0.849,0.944,-0.0668024151462154,0.0107,5.157e-10,2.0,+-+,74776.0,101023.0,85057.37,,,
13,rs1924378,38361744.0,T,G,0.493,0.48,0.946,0.0475036226439669,0.0077,8.017e-10,27.0,+++,74776.0,101023.0,85057.37,TRPC4,intron_variant,protein_coding
13,rs9563551,58444826.0,G,A,0.808,0.82,0.99,-0.0593042438991411,0.0098,1.632e-09,28.0,+++,74776.0,101023.0,85057.37,,intron_variant,lncRNA
13,rs650520,38868178.0,G,T,0.62,0.623,0.965,-0.0471964348309747,0.0081,5.653e-09,0.0,+??,67390.0,94015.0,78506.5,LINC00571,intron_variant,lncRNA
13,rs1545660,54451624.0,A,G,0.248,0.224,0.999,0.0515007728624032,0.0089,7.36e-09,2.0,+++,74776.0,101023.0,85057.37,LINC00558,intron_variant,lncRNA
13,rs9603649,40506082.0,G,A,0.603,0.58,0.982,0.0441030061101949,0.0076,7.473e-09,5.0,---,74776.0,101023.0,85057.37,,,
13,rs61973697,102022648.0,G,A,0.777,0.781,0.99,-0.0548997899816623,0.0097,1.566e-08,3.0,+++,74776.0,101023.0,85057.37,NALCN,intron_variant,protein_coding
13,rs12877581,74325499.0,G,C,0.765,0.758,0.891,-0.0515038428671156,0.0092,2.441e-08,3.0,+++,74776.0,101023.0,85057.37,KLF12,intron_variant,protein_coding
9,rs505061,22767164.0,C,A,0.493,0.511,0.993,-0.0499993949944177,0.0074,1.286e-11,29.0,+++,74776.0,101023.0,85057.37,LINC01239,intron_variant,lncRNA
9,rs13293831,129665139.0,C,T,0.842,0.847,0.974,-0.0591026555948241,0.0103,8.725e-09,2.0,+++,74776.0,101023.0,85057.37,,,
9,rs3739554,129940645.0,A,G,0.831,0.838,0.988,-0.0573960891413091,0.01,9.054e-09,76.0,-+-,74776.0,101023.0,85057.37,RALGPS1,3_prime_UTR_variant,protein_coding
9,rs10985811,101070487.0,T,C,0.785,0.799,0.991,-0.0532952970582236,0.0093,9.334e-09,29.0,---,74776.0,101023.0,85057.37,GABBR2,intron_variant,protein_coding
9,rs6479494,96330499.0,A,G,0.826,0.845,0.988,-0.0584981343943099,0.0102,9.568e-09,37.0,--+,74776.0,101023.0,85057.37,FAM120A,downstream_gene_variant,protein_coding
9,rs498591,14509105.0,A,T,0.848,0.858,0.981,-0.0594952597858765,0.0105,1.361e-08,30.0,-+-,74776.0,101023.0,85057.37,,intron_variant,lncRNA
9,rs2381411,36319928.0,T,C,0.586,0.589,0.962,-0.0428031223253094,0.0077,2.423e-08,11.0,-+-,74776.0,101023.0,85057.37,,,
9,rs72761691,134786548.0,A,C,0.86,0.863,0.919,-0.0618966805401821,0.0111,2.564e-08,3.0,-+-,74776.0,101023.0,85057.37,MED27,intron_variant,protein_coding
9,rs2078266,138378856.0,A,G,0.162,0.161,0.79,0.061302039376164,0.0111,3.673e-08,15.0,+-+,74776.0,101023.0,85057.37,PPP1R26,missense_variant,protein_coding
9,rs2890914,10239181.0,A,G,0.497,0.502,0.991,-0.0408949138454712,0.0074,3.731e-08,12.0,--+,74776.0,101023.0,85057.37,PTPRD,intron_variant,protein_coding
9,rs4339716,82279449.0,T,G,0.187,0.185,0.972,-0.0530949163341788,0.0097,4.033e-08,5.0,---,74776.0,101023.0,85057.37,TLE4,intron_variant,protein_coding
21,rs8134737,16439965.0,A,T,0.52,0.532,0.934,-0.0467038420537432,0.0076,9.483e-10,2.0,---,74776.0,101023.0,85057.37,NRIP1,non_coding_transcript_exon_variant,protein_coding
21,rs229362,22116499.0,G,A,0.194,0.187,0.982,0.0531046528867784,0.0095,2.324e-08,2.0,---,74776.0,101023.0,85057.37,LINC00320,intron_variant,lncRNA
4,rs59518103,19896708.0,T,C,0.926,0.928,0.993,0.0780992819830517,0.0143,4.513e-08,2.0,+++,74776.0,101023.0,85057.37,,intron_variant,lncRNA
