CHROM,ID,POS,A1,A2,FCAS,FCON,IMPINFO,BETA,SE,PVAL,NGT,DIRE,NCAS,NCON,NEFFDIV2,GENE,CONSEQUENCE,BIOTYPE,ABS_BETA
6,rs72843784,26498758.0,G,T,0.937,0.921,0.997,0.201396795424123,0.0163,5.225e-35,8.0,-+-,74776.0,101023.0,85057.37,BTN1A1,intron_variant,protein_coding,0.201396795424123
6,rs34961555,26199903.0,C,T,0.94,0.925,0.975,0.188999211547195,0.0169,4.0200000000000003e-29,2.0,-+-,74776.0,101023.0,85057.37,H2AC7,synonymous_variant,protein_coding,0.188999211547195
18,rs76888488,53311001.0,A,G,0.967,0.972,0.99,-0.170895088245539,0.025,7.894e-12,1.0,-?-,68624.0,97105.0,80270.17,TCF4,intron_variant,protein_coding,0.170895088245539
6,rs2023473,30075613.0,T,C,0.919,0.901,0.946,0.169801844572386,0.0152,5.455e-29,3.0,+-+,74776.0,101023.0,85057.37,TRIM31,intron_variant,protein_coding,0.169801844572386
6,rs13198474,25874423.0,G,A,0.944,0.93,0.974,0.165997372693528,0.0174,1.8400000000000002e-21,22.0,-+-,74776.0,101023.0,85057.37,SLC17A3,5_prime_UTR_variant,protein_coding,0.165997372693528
6,rs215011,25384361.0,C,T,0.95,0.943,0.958,0.165904193021877,0.0184,2.289e-19,8.0,---,74776.0,101023.0,85057.37,CARMIL1,intron_variant,protein_coding,0.165904193021877
18,rs74914300,53010348.0,T,G,0.957,0.963,0.993,-0.161695739000298,0.0217,1.042e-13,1.0,-?-,68624.0,97105.0,80270.17,TCF4,intron_variant,protein_coding,0.161695739000298
4,rs13107325,103188709.0,C,T,0.925,0.936,0.975,-0.156700594765496,0.0165,1.919e-21,68.0,+++,74776.0,101023.0,85057.37,SLC39A8,missense_variant,protein_coding,0.156700594765496
6,rs9262135,30618906.0,A,G,0.912,0.894,0.942,0.152497886144537,0.0147,3.755e-25,54.0,+-+,74776.0,101023.0,85057.37,C6orf136,intron_variant,protein_coding,0.152497886144537
6,rs3117577,31727474.0,A,G,0.913,0.896,1.01,0.14890264724851,0.0142,7.946000000000001e-26,51.0,++-,74776.0,101023.0,85057.37,MSH5,intron_variant,protein_coding,0.14890264724851
4,rs34592089,102926923.0,G,A,0.94,0.948,0.869,-0.138699007490652,0.0192,5.051e-13,7.0,+??,67390.0,94015.0,78506.5,BANK1,intron_variant,protein_coding,0.138699007490652
19,rs144821294,2155136.0,C,T,0.963,0.966,0.763,-0.13480076937097,0.0235,9.802e-09,2.0,+++,74776.0,101023.0,85057.37,AP3D1,intron_variant,protein_coding,0.13480076937097
12,rs117145318,110229434.0,C,A,0.954,0.958,0.857,-0.124203603459306,0.0223,2.392e-08,1.0,+?+,68624.0,97105.0,80270.17,TRPV4,intron_variant,protein_coding,0.124203603459306
12,rs61937595,57682956.0,C,T,0.928,0.919,0.822,0.119798780454855,0.0156,1.531e-14,32.0,-+-,74776.0,101023.0,85057.37,R3HDM2,intron_variant,protein_coding,0.119798780454855
10,rs79668541,104793904.0,C,T,0.892,0.88,0.999,0.117800813276138,0.0118,2.191e-23,2.0,--+,74776.0,101023.0,85057.37,CNNM2,intron_variant,protein_coding,0.117800813276138
